date,open,high,low,close,stock_num,vol
2025-03-10,1114.128,1117.754,1074.678,1078.067,111,1894125124
2025-03-07,1090.079,1131.149,1090.949,1114.128,110,1446565828
2025-03-06,1066.268,1101.736,1073.859,1090.079,110,1424714198
2025-03-05,1043.044,1074.125,1048.64,1066.268,110,1236327435
2025-03-04,1096.128,1091.617,1036.841,1043.044,110,1327800203
2025-03-03,1052.718,1106.716,1060.939,1096.128,110,2161374977
2025-02-28,1114.539,1110.239,1041.864,1052.718,110,2796847639
2025-02-27,1132.661,1145.176,1112.443,1114.539,110,1125480001
2025-02-26,1142.301,1152.646,1122.686,1132.661,110,1297475043
2025-02-25,1183.083,1189.853,1131.824,1142.301,110,1533274890
2025-02-24,1204.832,1205.28,1179.488,1183.083,110,1460370067
2025-02-21,1204.159,1211.247,1194.471,1204.832,110,1383557913
2025-02-20,1186.856,1214.627,1191.891,1204.159,110,3752852544
2025-02-19,1183.668,1192.394,1172.683,1186.856,110,1923877929
2025-02-18,1179.5,1192.296,1174.846,1183.668,110,1719831903
2025-02-17,1137.731,1179.5,1138.452,1179.5,110,3662219144
2025-02-14,1125.552,1142.034,1127.79,1137.731,110,1548666551
2025-02-13,1116.57,1130.972,1108.465,1125.552,110,1431689657
2025-02-12,1105.669,1119.817,1097.524,1116.57,110,2386605122
2025-02-11,1126.481,1143.326,1102.045,1105.669,110,1436299247
2025-02-10,1124.812,1133.966,1106.023,1126.481,110,1662095818
2025-02-07,1172.273,1157.107,1118.495,1124.812,110,1584064980
2025-02-06,1201.485,1210.059,1165.552,1172.273,110,2221772395
2025-02-05,1193.817,1216.492,1197.837,1201.485,110,2552519394
2025-02-04,1169.232,1201.04,1176.719,1193.817,110,2180503256
2025-02-03,1190.149,1191.329,1151.278,1169.232,110,1307016954
2025-01-31,1194.194,1207.645,1190.149,1190.149,110,1196069089
2025-01-30,1225.451,1225.548,1182.749,1194.194,110,2125643332
2025-01-24,1234.964,1244.172,1225.451,1225.451,110,990550025
2025-01-23,1248.193,1263.481,1234.964,1234.964,110,1260257634
2025-01-22,1239.768,1252.66,1242.353,1248.193,110,1299013940
2025-01-21,1245.414,1262.397,1239.298,1239.768,110,1789874249
2025-01-20,1230.835,1252.143,1236.797,1245.414,110,1157657603
2025-01-17,1235.859,1242.253,1227.993,1230.835,110,1218745878
2025-01-16,1237.205,1248.223,1230.847,1235.859,110,1311676955
2025-01-15,1244.04,1252.202,1233.518,1237.205,110,1383352742
2025-01-14,1233.142,1255.118,1227.853,1244.04,110,2064221552
2025-01-13,1225.999,1254.688,1226.057,1233.142,110,2375846933
2025-01-10,1199.298,1229.337,1205.148,1225.999,109,1614215296
2025-01-09,1209.835,1226.555,1197.9,1199.298,109,1473144143
2025-01-08,1252.639,1257.693,1208.97,1209.835,109,1760899124
2025-01-07,1252.609,1265.653,1245.305,1252.639,109,1459541854
2025-01-06,1273.655,1281.033,1248.721,1252.609,109,2111939606
2025-01-03,1274.198,1285.555,1265.482,1273.655,109,2213541686
2025-01-02,1251.874,1274.198,1249.869,1274.198,109,1943315567
2024-12-30,1236.786,1258.847,1233.832,1251.874,109,1607668901
2024-12-27,1237.87,1257.0,1233.34,1236.786,109,1469443138
2024-12-24,1248.742,1255.4,1237.87,1237.87,109,1549506080
2024-12-23,1232.998,1255.819,1241.711,1248.742,109,1722227271
2024-12-20,1237.144,1246.88,1225.937,1232.998,109,2099493179
2024-12-19,1283.743,1274.216,1231.351,1237.144,109,1822112986
2024-12-18,1297.077,1314.085,1283.743,1283.743,109,1563846022
2024-12-17,1321.849,1326.608,1290.677,1297.077,109,1411102548
2024-12-16,1343.309,1340.594,1311.06,1321.849,109,1576715020
2024-12-13,1365.713,1366.713,1341.404,1343.309,109,4944826557
2024-12-12,1364.056,1376.506,1356.233,1365.713,109,1426362706
2024-12-11,1376.867,1390.494,1360.312,1364.056,109,2229348013
2024-12-10,1350.079,1381.697,1356.199,1376.867,109,2100007556
2024-12-09,1349.919,1361.899,1347.117,1350.079,109,1612205278
2024-12-06,1349.546,1356.518,1345.0,1349.919,109,1133043411
2024-12-05,1346.617,1353.823,1333.232,1349.546,109,1672086314
2024-12-04,1302.425,1350.178,1305.166,1346.617,109,2620830097
2024-12-03,1288.163,1308.486,1291.16,1302.425,109,1551910601
2024-12-02,1303.298,1316.496,1286.544,1288.163,109,1738980051
2024-11-29,1315.442,1320.612,1291.978,1303.298,109,1651992364
2024-11-28,1330.542,1345.93,1311.653,1315.442,109,1805860889
2024-11-26,1338.833,1347.916,1330.542,1330.542,109,1981577711
2024-11-25,1338.42,1353.551,1333.101,1338.833,109,3149163076
2024-11-22,1337.372,1350.243,1332.59,1338.42,109,1993458647
2024-11-21,1339.898,1352.7,1333.827,1337.372,109,1978762165
2024-11-20,1343.557,1355.034,1336.461,1339.898,109,1584095073
2024-11-19,1335.855,1358.739,1328.624,1343.557,109,2778635408
2024-11-18,1321.927,1343.228,1319.477,1335.855,109,3694751665
2024-11-15,1347.758,1357.311,1305.608,1321.927,109,3964033306
2024-11-14,1370.45,1376.284,1346.191,1347.758,109,3600149978
2024-11-13,1377.057,1400.137,1369.655,1370.45,109,3384226345
2024-11-12,1382.845,1391.24,1373.847,1377.057,109,2939874776
2024-11-11,1382.047,1394.789,1372.428,1382.845,109,2889021377
2024-11-08,1340.664,1387.363,1346.782,1382.047,108,2937404298
2024-11-07,1388.851,1388.478,1338.144,1340.664,108,3875929029
2024-11-06,1386.382,1419.353,1384.488,1388.851,108,4685412259
2024-11-05,1378.995,1390.521,1373.359,1386.382,108,2708745666
2024-11-04,1400.591,1408.505,1368.64,1378.995,108,3129125630
2024-11-01,1426.548,1422.5,1397.876,1400.591,108,2346175463
2024-10-31,1428.228,1430.494,1417.163,1426.548,108,2435324463
2024-10-30,1432.68,1440.449,1421.618,1428.228,108,2458669214
2024-10-29,1436.918,1446.556,1427.309,1432.68,108,1843237140
2024-10-28,1433.685,1443.244,1423.334,1436.918,108,2152140430
2024-10-25,1448.524,1461.765,1430.484,1433.685,108,2206970788
2024-10-24,1468.167,1470.461,1448.112,1448.524,108,3047898999
2024-10-23,1476.632,1486.61,1463.161,1468.167,108,2795063324
2024-10-22,1461.635,1481.706,1449.399,1476.632,108,3363462975
2024-10-21,1453.252,1474.493,1457.62,1461.635,108,2797096508
2024-10-18,1453.982,1464.743,1446.813,1453.252,108,3243886421
2024-10-17,1415.136,1460.757,1419.887,1453.982,108,4524669650
2024-10-16,1415.062,1423.039,1412.115,1415.136,108,1658824566
2024-10-15,1403.425,1424.533,1406.663,1415.062,108,4108277351
2024-10-14,1397.324,1412.232,1398.802,1403.425,108,2311373984
2024-10-11,1375.775,1401.095,1379.473,1397.324,108,1486359687
2024-10-10,1386.599,1392.427,1372.025,1375.775,108,1581125422
2024-10-09,1394.194,1394.192,1376.582,1386.599,108,2131865849
2024-10-08,1419.37,1419.266,1390.132,1394.194,108,3272412055
2024-10-07,1398.311,1419.836,1391.241,1419.37,107,1900015468
2024-10-04,1401.616,1407.828,1390.888,1398.311,107,2606988555
2024-10-03,1411.382,1421.664,1399.914,1401.616,107,3065418308
2024-10-02,1410.908,1430.93,1390.697,1411.382,107,4453672450
2024-10-01,1380.708,1410.908,1382.419,1410.908,107,6374073926
2024-09-30,1377.241,1391.013,1369.304,1380.708,107,2854306337
2024-09-27,1381.374,1390.473,1372.363,1377.241,107,1527168490
2024-09-26,1363.937,1381.374,1352.114,1381.374,107,1605843002
2024-09-25,1338.273,1363.937,1345.722,1363.937,107,2401801068
2024-09-24,1331.375,1342.414,1330.311,1338.273,107,2360919468
2024-09-23,1307.323,1332.32,1308.297,1331.375,107,2268095053
2024-09-20,1335.517,1326.034,1307.175,1307.323,107,2209729237
2024-09-19,1321.607,1337.123,1322.445,1335.517,107,1361388588
2024-09-18,1328.872,1335.274,1320.187,1321.607,107,1286525982
2024-09-17,1324.04,1336.45,1325.006,1328.872,107,1469392516
2024-09-13,1328.427,1340.329,1319.48,1324.04,107,1462432356
2024-09-12,1323.946,1338.625,1326.833,1328.427,107,1829773449
2024-09-11,1323.752,1334.618,1317.533,1323.946,107,2080617548
2024-09-10,1324.574,1334.977,1323.236,1323.752,107,1701205058
2024-09-09,1328.608,1337.217,1323.116,1324.574,107,1568734781
2024-09-06,1331.245,1343.173,1328.608,1328.608,107,856148897
2024-09-05,1332.311,1341.825,1329.044,1331.245,107,1106522346
2024-09-04,1344.052,1343.257,1325.428,1332.311,107,1341241967
2024-09-03,1350.729,1360.215,1342.368,1344.052,107,1460936710
2024-09-02,1357.045,1366.012,1350.729,1350.729,107,1528932920
2024-08-30,1352.642,1361.581,1343.275,1357.045,107,3265270852
2024-08-29,1371.596,1376.386,1352.642,1352.642,107,1762436957
2024-08-28,1357.634,1377.47,1357.561,1371.596,107,1774558815
2024-08-27,1358.747,1364.079,1350.055,1357.634,107,1099647831
2024-08-26,1343.606,1363.313,1349.966,1358.747,107,1288992377
2024-08-23,1334.33,1351.276,1338.871,1343.606,107,5227590912
2024-08-22,1345.553,1346.408,1331.128,1334.33,107,3817955370
2024-08-21,1358.251,1363.728,1345.553,1345.553,107,1537520372
2024-08-20,1355.347,1362.728,1350.686,1358.251,107,2677863976
2024-08-19,1346.458,1362.393,1346.703,1355.347,107,1192766550
2024-08-16,1345.818,1361.062,1346.458,1346.458,107,1707743751
2024-08-15,1354.74,1359.189,1339.125,1345.818,107,1636350054
2024-08-14,1337.747,1356.013,1339.233,1354.74,107,1314324876
2024-08-13,1333.276,1344.606,1333.476,1337.747,107,1474685013
2024-08-12,1318.384,1333.819,1317.019,1333.276,107,1040671198
2024-08-09,1297.429,1321.937,1307.21,1318.384,107,945797852
2024-08-08,1322.977,1324.389,1297.352,1297.429,107,1035075086
2024-08-07,1306.327,1340.427,1309.182,1322.977,107,895896306
2024-08-06,1296.937,1316.13,1294.435,1306.327,107,998695080
2024-08-05,1360.741,1353.434,1276.379,1296.937,107,1912971904
2024-08-02,1371.216,1372.016,1356.327,1360.741,107,1329700386
2024-08-01,1363.617,1377.699,1366.535,1371.216,107,1579728389
2024-07-31,1353.812,1363.617,1352.518,1363.617,107,3027040383
2024-07-30,1357.148,1362.835,1347.586,1353.812,107,1095462498
2024-07-29,1346.803,1365.706,1351.109,1357.148,107,1343869363
2024-07-26,1336.739,1350.965,1338.746,1346.803,107,1040299767
2024-07-25,1359.809,1359.199,1326.88,1336.739,107,1241217632
2024-07-24,1365.206,1375.748,1356.925,1359.809,107,1128542304
2024-07-23,1359.376,1365.538,1353.079,1365.206,107,1373232138
2024-07-22,1364.423,1375.601,1356.981,1359.376,107,1128450839
2024-07-19,1383.367,1383.464,1357.529,1364.423,107,1081775839
2024-07-18,1383.433,1390.006,1377.566,1383.367,107,1264065871
2024-07-17,1387.856,1397.83,1375.773,1383.433,107,1664881759
2024-07-16,1378.961,1393.499,1380.044,1387.856,107,1646840201
2024-07-15,1386.353,1392.433,1371.17,1378.961,107,1127797987
2024-07-12,1388.838,1396.596,1374.042,1386.353,107,1226994187
2024-07-11,1385.964,1398.774,1378.862,1388.838,107,1591765244
2024-07-10,1385.896,1403.513,1382.916,1385.964,107,2163743585
2024-07-09,1390.642,1397.574,1380.978,1385.896,107,1916462670
2024-07-08,1393.746,1401.195,1379.022,1390.642,107,2264799285
2024-07-05,1399.809,1409.485,1386.288,1393.746,106,1743697636
2024-07-04,1399.483,1415.728,1397.513,1399.809,106,1735570253
2024-07-03,1383.462,1399.483,1381.77,1399.483,106,2205222253
2024-07-02,1384.134,1396.303,1375.127,1383.462,106,1636749130
2024-07-01,1341.905,1386.994,1346.558,1384.134,106,1758495094
2024-06-28,1328.807,1346.948,1332.047,1341.905,107,2730366622
2024-06-27,1325.004,1335.63,1321.594,1328.807,107,1041709153
2024-06-26,1310.019,1337.092,1311.858,1325.004,107,2007162077
2024-06-25,1309.701,1315.331,1302.355,1310.019,107,11625275354
2024-06-24,1307.147,1314.262,1301.473,1309.701,107,1866422769
2024-06-21,1301.3,1323.932,1304.268,1307.147,107,2973184061
2024-06-20,1298.143,1308.147,1294.965,1301.3,107,3215765731
2024-06-19,1300.159,1310.305,1294.972,1298.143,107,1262252699
2024-06-14,1323.148,1331.306,1293.879,1300.159,107,1216646272
2024-06-13,1332.911,1345.578,1323.148,1323.148,107,1055704466
2024-06-12,1346.864,1351.408,1317.313,1332.911,107,1420487579
2024-06-11,1351.404,1366.374,1346.864,1346.864,107,1813656578
2024-06-10,1347.273,1353.145,1334.336,1351.404,107,3082951657
2024-06-07,1349.986,1366.41,1343.275,1347.273,106,984290228
2024-06-06,1333.559,1366.307,1340.807,1349.986,106,1284332183
2024-06-05,1423.131,1423.51,1330.916,1333.559,106,4131728400
2024-06-04,1416.484,1446.227,1411.915,1423.131,106,1758549093
2024-06-03,1407.364,1421.1,1392.567,1416.484,106,1570787954
2024-05-31,1422.667,1432.062,1402.144,1407.364,106,3112230984
2024-05-30,1453.123,1455.497,1422.667,1422.667,106,1704291367
2024-05-29,1457.868,1476.561,1444.818,1453.123,106,1933085250
2024-05-28,1406.662,1474.334,1428.622,1457.868,106,2453377032
2024-05-27,1428.344,1445.325,1401.375,1406.662,106,1986970445
2024-05-22,1438.098,1446.325,1423.176,1428.344,106,2366789727
2024-05-21,1439.439,1452.935,1435.561,1438.098,106,3104205587
2024-05-20,1431.877,1461.23,1427.383,1439.439,106,3430565088
2024-05-17,1408.52,1446.526,1412.617,1431.877,106,3874939504
2024-05-16,1371.631,1414.828,1377.661,1408.52,106,2007444313
2024-05-15,1339.062,1374.692,1339.29,1371.631,106,2126112340
2024-05-14,1344.781,1360.905,1339.062,1339.062,106,1658530188
2024-05-13,1343.9,1351.267,1340.698,1344.781,106,1361090922
2024-05-08,1344.818,1352.859,1335.484,1343.9,106,2100047430
2024-05-07,1332.916,1356.008,1335.721,1344.818,105,1021840346
2024-05-06,1316.075,1336.98,1325.497,1332.916,105,1002703084
2024-05-03,1323.808,1330.569,1314.418,1316.075,105,869634902
2024-05-02,1346.47,1346.876,1321.343,1323.808,105,1577204336
2024-04-30,1329.573,1352.779,1332.65,1346.47,105,1317041854
2024-04-29,1299.019,1333.201,1294.027,1329.573,105,1287509955
2024-04-26,1325.644,1333.761,1299.019,1299.019,105,1043784884
2024-04-25,1339.595,1344.775,1322.1,1325.644,105,1130535858
2024-04-24,1340.331,1348.379,1336.455,1339.595,105,1038799241
2024-04-23,1345.638,1355.882,1338.084,1340.331,105,1187404071
2024-04-22,1344.309,1363.292,1342.469,1345.638,105,1169824801
2024-04-19,1354.281,1365.298,1334.957,1344.309,105,1448974954
2024-04-18,1357.561,1364.131,1352.346,1354.281,105,1378166033
2024-04-17,1392.121,1395.975,1356.392,1357.561,105,1628098276
2024-04-16,1359.606,1392.121,1348.15,1392.121,105,2062785407
2024-04-05,1354.935,1364.804,1347.487,1359.606,105,1111071022
2024-04-04,1316.42,1354.935,1317.785,1354.935,105,2356008734
2024-04-03,1313.872,1321.012,1305.49,1316.42,105,1482068160
2024-04-02,1293.13,1313.872,1288.147,1313.872,105,1547851625
2024-04-01,1288.432,1298.349,1276.605,1293.13,105,1218638091
2024-03-28,1289.447,1293.653,1278.318,1288.432,105,1414237751
2024-03-27,1298.524,1306.262,1287.813,1289.447,105,973993985
2024-03-26,1303.524,1307.359,1292.796,1298.524,105,1204138590
2024-03-25,1291.408,1303.524,1286.672,1303.524,105,1234502593
2024-03-22,1293.253,1299.018,1284.143,1291.408,105,1453816400
2024-03-21,1278.64,1299.434,1284.523,1293.253,105,1528622951
2024-03-20,1274.849,1282.906,1269.573,1278.64,105,1605592888
2024-03-19,1276.945,1285.757,1274.849,1274.849,105,1176808895
2024-03-18,1268.366,1281.957,1259.073,1276.945,105,1458473921
2024-03-15,1291.883,1292.715,1263.522,1268.366,105,1849766426
2024-03-14,1304.91,1317.02,1280.194,1291.883,105,1484710858
2024-03-13,1271.693,1304.91,1274.513,1304.91,105,2152107914
2024-03-08,1279.065,1289.416,1271.257,1271.693,105,1562990844
2024-03-07,1251.713,1280.315,1253.908,1279.065,105,2013182631
2024-03-06,1242.077,1254.168,1239.329,1251.713,105,1383328994
2024-03-05,1252.183,1261.909,1238.906,1242.077,105,1625266515
2024-03-04,1257.046,1262.566,1248.415,1252.183,105,1379454056
2024-03-01,1253.297,1261.644,1248.564,1257.046,105,1233218805
2024-02-29,1236.4,1255.512,1233.172,1253.297,105,4697118830
2024-02-28,1231.136,1238.856,1228.032,1236.4,105,1550534591
2024-02-27,1230.429,1233.729,1222.388,1231.136,105,1467548719
2024-02-26,1247.79,1251.632,1228.642,1230.429,105,1227215152
2024-02-23,1248.926,1259.08,1239.826,1247.79,105,1501375332
2024-02-22,1229.467,1248.926,1231.961,1248.926,105,983663576
2024-02-21,1242.542,1245.584,1222.762,1229.467,105,1123791647
2024-02-20,1232.012,1245.787,1231.833,1242.542,105,1165685357
2024-02-19,1250.627,1251.401,1229.493,1232.012,105,1071543998
2024-02-16,1251.701,1266.558,1247.844,1250.627,105,1051789833
2024-02-15,1222.629,1261.111,1244.454,1251.701,105,1884687333
2024-02-13,1247.752,1252.181,1221.786,1222.629,105,1290726885
2024-02-12,1244.026,1251.905,1233.557,1247.752,105,1661124758
2024-02-07,1260.629,1264.778,1243.152,1244.026,105,1071278858
2024-02-06,1262.493,1274.087,1255.72,1260.629,105,1278045188
2024-02-05,1286.316,1291.727,1261.951,1262.493,105,1435472150
2024-02-02,1280.337,1286.827,1270.761,1286.316,105,1544392391
2024-02-01,1284.055,1293.704,1273.739,1280.337,105,1560856810
2024-01-31,1284.554,1294.783,1280.258,1284.055,105,2532543360
2024-01-30,1290.295,1296.541,1283.957,1284.554,105,3578392854
2024-01-29,1284.912,1295.71,1279.311,1290.295,104,1301367874
2024-01-26,1289.013,1294.675,1268.843,1284.912,104,1311743156
2024-01-25,1284.888,1305.01,1288.103,1289.013,104,1389897371
2024-01-24,1299.738,1313.079,1281.67,1284.888,104,4073961250
2024-01-23,1293.473,1305.031,1288.036,1299.738,104,998383277
2024-01-22,1291.496,1297.549,1277.247,1293.473,104,1116277987
2024-01-19,1283.508,1307.785,1286.322,1291.496,104,1270344802
2024-01-18,1248.761,1288.052,1249.608,1283.508,104,1594733059
2024-01-17,1259.589,1262.165,1244.04,1248.761,104,1306392658
2024-01-16,1249.828,1265.135,1246.597,1259.589,104,7051010096
2024-01-15,1249.417,1261.008,1246.973,1249.828,104,3300671028
2024-01-12,1240.164,1250.915,1238.597,1249.417,104,1356874668
2024-01-11,1247.133,1258.529,1239.251,1240.164,104,1323188271
2024-01-10,1241.321,1261.979,1226.67,1247.133,104,1329741120
2024-01-09,1296.996,1301.705,1239.005,1241.321,103,1474298510
2024-01-08,1325.838,1335.739,1295.825,1296.996,102,941141059
2024-01-05,1330.912,1339.734,1325.838,1325.838,102,910425290
2024-01-04,1326.31,1335.865,1322.345,1330.912,102,969576099
2024-01-03,1332.138,1336.212,1322.804,1326.31,102,1101131044
2024-01-02,1307.468,1332.395,1305.608,1332.138,102,1018012545
2023-12-29,1339.048,1343.173,1307.468,1307.468,102,998605236
2023-12-28,1336.991,1349.108,1338.777,1339.048,102,1344555818
2023-12-27,1330.435,1352.443,1327.702,1336.991,102,1164092217
2023-12-22,1320.185,1340.126,1322.367,1330.435,102,1156919358
2023-12-21,1326.713,1335.17,1312.394,1320.185,102,1262286687
2023-12-20,1291.974,1333.55,1294.201,1326.713,102,1180701613
2023-12-19,1272.917,1292.536,1268.134,1291.974,102,938764055
2023-12-18,1284.774,1312.308,1259.265,1272.917,102,2011370844
2023-12-15,1276.283,1295.804,1277.995,1284.774,102,2748814021
2023-12-14,1292.459,1310.327,1273.327,1276.283,102,1448108910
2023-12-13,1304.867,1312.425,1287.464,1292.459,102,1284001701
2023-12-12,1293.11,1308.568,1281.375,1304.867,102,1331768055
2023-12-11,1309.447,1327.663,1278.215,1293.11,102,2075780146
2023-12-08,1286.461,1345.017,1282.331,1309.447,102,3198368756
2023-12-07,1236.221,1286.461,1229.546,1286.461,102,2786051891
2023-12-06,1202.735,1258.408,1201.541,1236.221,102,2291040882
2023-12-05,1194.524,1202.759,1186.306,1202.735,102,2739212812
2023-12-04,1183.069,1205.386,1189.39,1194.524,102,1540458983
2023-12-01,1226.313,1219.492,1182.36,1183.069,102,1198550251
2023-11-30,1231.602,1239.931,1222.073,1226.313,102,3764879678
2023-11-29,1212.354,1241.922,1217.999,1231.602,102,2355755681
2023-11-28,1193.614,1217.745,1193.888,1212.354,102,1833155317
2023-11-27,1178.019,1200.795,1179.324,1193.614,102,1500218017
2023-11-24,1174.263,1182.344,1173.805,1178.019,102,6551418929
2023-11-23,1173.434,1179.101,1167.051,1174.263,102,1365503032
2023-11-22,1203.782,1210.498,1172.073,1173.434,102,1661758820
2023-11-21,1210.306,1215.735,1200.005,1203.782,102,1026417007
2023-11-20,1224.891,1230.066,1205.342,1210.306,102,845560265
2023-11-17,1213.469,1226.235,1210.714,1224.891,102,935562589
2023-11-16,1217.162,1220.821,1205.069,1213.469,102,1072603681
2023-11-15,1212.068,1227.172,1213.559,1217.162,102,907660287
2023-11-14,1205.634,1224.639,1202.526,1212.068,102,762649004
2023-11-13,1192.879,1206.977,1189.285,1205.634,102,1015006055
2023-11-10,1189.503,1218.497,1190.384,1192.879,102,2609977408
2023-11-09,1192.423,1196.01,1186.342,1189.503,102,1899414979
2023-11-08,1211.143,1211.986,1189.934,1192.423,102,778404027
2023-11-07,1222.678,1228.407,1204.265,1211.143,102,3712333156
2023-11-06,1204.255,1226.507,1209.52,1222.678,102,1706598551
2023-11-03,1197.616,1213.685,1194.708,1204.255,102,981744729
2023-11-02,1176.727,1203.866,1182.532,1197.616,102,1035880224
2023-11-01,1210.577,1211.646,1173.696,1176.727,102,1274804187
2023-10-31,1205.447,1215.58,1183.755,1210.577,102,1212207033
2023-10-30,1214.981,1221.231,1198.426,1205.447,102,974582620
2023-10-27,1203.305,1220.367,1204.524,1214.981,102,1086749402
2023-10-26,1214.883,1217.256,1193.759,1203.305,102,911961943
2023-10-25,1220.624,1228.659,1212.718,1214.883,102,956146103
2023-10-24,1217.128,1227.011,1214.592,1220.624,102,932270847
2023-10-23,1242.302,1242.668,1206.831,1217.128,102,1540057150
2023-10-20,1241.456,1245.982,1230.106,1242.302,102,1115367030
2023-10-19,1266.499,1270.747,1238.726,1241.456,102,1421631344
2023-10-18,1258.973,1272.953,1256.507,1266.499,102,1563014008
2023-10-17,1247.524,1262.707,1247.351,1258.973,102,1095261795
2023-10-16,1257.081,1270.517,1241.019,1247.524,102,2012953031
2023-10-13,1260.965,1264.402,1253.818,1257.081,102,3073792082
2023-10-12,1278.813,1288.326,1259.635,1260.965,102,1020080915
2023-10-11,1279.194,1294.708,1277.956,1278.813,102,1178487167
2023-10-10,1276.774,1292.301,1272.967,1279.194,102,1002699333
2023-10-09,1263.586,1284.667,1266.283,1276.774,102,1390632062
2023-10-06,1242.896,1268.364,1243.636,1263.586,102,1285404511
2023-10-05,1252.155,1265.397,1241.149,1242.896,102,1516649324
2023-10-04,1290.669,1289.395,1243.716,1252.155,102,1697481623
2023-10-03,1297.282,1306.503,1290.432,1290.669,102,1128486806
2023-10-02,1302.965,1305.796,1288.799,1297.282,102,869378024
2023-09-29,1317.9,1325.156,1302.657,1302.965,102,1084520019
2023-09-27,1309.484,1322.366,1306.948,1317.9,102,1085920771
2023-09-26,1347.591,1355.706,1306.072,1309.484,102,1847574662
2023-09-25,1345.734,1356.967,1346.817,1347.591,102,1270076448
2023-09-22,1332.502,1351.515,1329.094,1345.734,102,1359204381
2023-09-21,1333.352,1337.558,1321.237,1332.502,102,1179093134
2023-09-20,1337.659,1350.064,1329.959,1333.352,102,3315983752
2023-09-19,1309.145,1343.572,1309.911,1337.659,102,1653315258
2023-09-18,1332.215,1342.269,1299.394,1309.145,102,2105243733
2023-09-15,1305.346,1337.265,1301.873,1332.215,102,6934146439
2023-09-14,1289.275,1312.734,1289.802,1305.346,102,1557150228
2023-09-13,1282.358,1296.437,1271.156,1289.275,102,1636168612
2023-09-12,1272.913,1292.26,1270.185,1282.358,102,1416890600
2023-09-11,1256.749,1274.964,1227.783,1272.913,102,2688777364
2023-09-08,1254.923,1266.331,1253.12,1256.749,102,2521916001
2023-09-07,1256.665,1261.613,1248.213,1254.923,102,1166005080
2023-09-06,1243.263,1262.708,1240.903,1256.665,102,1476164678
2023-09-05,1238.805,1249.469,1236.228,1243.263,102,1805854999
2023-09-04,1223.899,1245.912,1228.772,1238.805,102,1689817727
2023-09-01,1201.548,1228.708,1201.976,1223.899,102,1330771195
2023-08-31,1212.418,1218.076,1200.243,1201.548,102,2746607581
2023-08-30,1208.887,1223.154,1207.542,1212.418,102,1519514649
2023-08-29,1197.758,1211.071,1200.025,1208.887,102,1428991441
2023-08-28,1180.634,1201.647,1182.356,1197.758,102,1304963360
2023-08-25,1174.586,1187.114,1174.516,1180.634,102,1200665744
2023-08-24,1157.649,1182.102,1149.742,1174.586,102,1854466772
2023-08-23,1139.059,1164.226,1141.281,1157.649,102,2050370283
2023-08-22,1128.168,1143.157,1128.071,1139.059,102,1749267274
2023-08-21,1119.395,1132.552,1117.982,1128.168,102,2898647437
2023-08-18,1129.364,1129.797,1118.027,1119.395,102,791648847
2023-08-16,1135.008,1135.171,1122.455,1129.364,102,1087203993
2023-08-15,1129.455,1136.821,1127.532,1135.008,102,832739714
2023-08-14,1110.711,1129.637,1109.41,1129.455,102,1359763361
2023-08-11,1098.969,1111.531,1095.865,1110.711,102,882805926
2023-08-10,1098.616,1104.398,1089.776,1098.969,102,1020828645
2023-08-09,1102.231,1106.105,1092.126,1098.616,102,915632499
2023-08-08,1106.143,1113.011,1099.231,1102.231,102,907243286
2023-08-07,1100.891,1111.72,1101.384,1106.143,101,677119845
2023-08-04,1105.25,1112.958,1098.396,1100.891,101,664894864
2023-08-03,1087.805,1108.423,1085.543,1105.25,101,1102783079
2023-08-02,1090.713,1092.75,1078.465,1087.805,101,1007551134
2023-08-01,1094.17,1110.905,1074.697,1090.713,101,1405942729
2023-07-31,1076.625,1094.728,1074.485,1094.17,101,1037723619
2023-07-28,1066.098,1080.514,1063.064,1076.625,101,1701035693
2023-07-27,1065.994,1070.141,1059.632,1066.098,101,1330220551
2023-07-26,1067.492,1076.22,1060.257,1065.994,101,1452541978
2023-07-25,1059.829,1072.432,1059.591,1067.492,101,1364374157
2023-07-24,1051.854,1063.485,1049.428,1059.829,101,1128291869
2023-07-21,1046.764,1052.879,1040.326,1051.854,101,3092098521
2023-07-20,1039.245,1050.946,1039.968,1046.764,101,1196442173
2023-07-18,1040.947,1044.933,1032.737,1039.245,101,1008379504
2023-07-17,1044.558,1050.572,1040.947,1040.947,101,819558005
2023-07-14,1045.295,1052.778,1043.768,1044.558,101,1058661443
2023-07-13,1036.93,1045.577,1035.702,1045.295,101,1228808018
2023-07-12,1039.943,1046.862,1034.03,1036.93,101,867874083
2023-07-11,1024.845,1039.943,1025.596,1039.943,101,1196001379
2023-07-10,1025.995,1030.373,1023.861,1024.845,101,650978920
2023-07-07,1020.995,1027.893,1014.586,1025.995,101,1373411726
2023-07-06,1011.335,1023.468,1011.796,1020.995,100,1289964873
2023-07-05,995.363,1011.351,994.301,1011.335,100,992329178
2023-07-04,995.975,997.738,991.896,995.363,100,1267731230
2023-07-03,993.017,999.878,990.674,995.975,100,824036907
2023-06-27,994.08,997.312,987.973,993.017,99,724129401
2023-06-26,997.456,1002.172,993.709,994.08,99,1383612728
2023-06-23,990.321,1001.67,990.859,997.456,99,1392312184
2023-06-22,996.711,1004.776,990.321,990.321,99,840863956
2023-06-21,990.605,998.068,985.803,996.711,99,1326927327
2023-06-20,1007.106,1009.532,987.545,990.605,99,892631095
2023-06-19,1008.365,1011.773,1003.681,1007.106,99,748350398
2023-06-16,1004.101,1014.025,1001.654,1008.365,99,1137002931
2023-06-15,997.921,1005.811,993.11,1004.101,99,1010704774
2023-06-14,985.267,998.193,985.272,997.921,99,1056423997
2023-06-13,994.443,996.437,983.358,985.267,99,1419122690
2023-06-12,991.115,994.553,987.512,994.443,99,672727391
2023-06-09,998.536,1002.356,990.606,991.115,99,1370346672
2023-06-08,1002.236,1006.565,993.619,998.536,99,965603197
2023-06-07,1002.392,1009.194,992.276,1002.236,99,1309379902
2023-06-06,997.067,1004.472,990.11,1002.392,99,1401088446
2023-06-05,983.564,999.987,979.179,997.067,99,1413498002
2023-05-31,1002.102,1003.115,983.564,983.564,99,1402355834
2023-05-30,1009.04,1008.869,1000.383,1002.102,99,881617039
2023-05-29,1010.764,1014.597,999.7,1009.04,99,1127155771
2023-05-26,1008.465,1010.764,1000.11,1010.764,99,1122727538
2023-05-25,1021.658,1022.753,1008.465,1008.465,99,1250190041
2023-05-24,1024.788,1025.0,1015.867,1021.658,99,1386908338
2023-05-23,1031.569,1034.258,1022.8,1024.788,99,931826635
2023-05-22,1035.281,1038.48,1024.509,1031.569,99,1473815674
2023-05-19,1057.802,1058.872,1033.735,1035.281,99,1007297530
2023-05-17,1055.563,1063.004,1047.259,1057.802,99,1679165010
2023-05-16,1072.683,1074.022,1050.579,1055.563,99,1275200042
2023-05-15,1071.837,1072.912,1056.842,1072.683,99,1245874239
2023-05-12,1089.445,1092.501,1069.979,1071.837,99,812919877
2023-05-11,1112.338,1113.873,1084.603,1089.445,99,1134895577
2023-05-10,1117.606,1121.526,1106.707,1112.338,99,815604133
2023-05-09,1120.002,1124.003,1113.04,1117.606,99,980965088
2023-05-08,1114.85,1123.9,1108.677,1120.002,99,1138921335
2023-05-05,1139.643,1139.431,1105.738,1114.85,99,1211179486
2023-05-04,1138.163,1142.398,1133.624,1139.643,99,1125024841
2023-05-03,1150.71,1149.292,1133.797,1138.163,99,1080584910
2023-05-02,1171.169,1167.927,1143.512,1150.71,99,1298784503
2023-04-28,1161.145,1171.169,1158.901,1171.169,99,906720995
2023-04-27,1163.769,1168.021,1157.211,1161.145,99,1190282516
2023-04-26,1158.154,1163.769,1145.473,1163.769,99,1315615861
2023-04-18,1156.974,1170.216,1156.651,1158.154,99,3658667618
2023-04-17,1159.135,1161.425,1148.824,1156.974,98,1100491024
2023-04-14,1153.16,1164.683,1153.878,1159.135,98,1339562004
2023-04-13,1158.662,1160.585,1148.542,1153.16,98,1121914669
2023-04-12,1161.942,1169.891,1155.936,1158.662,98,1845488626
2023-04-11,1142.914,1161.942,1145.047,1161.942,97,1052399723
2023-04-10,1156.246,1158.865,1139.986,1142.914,97,774123488
2023-04-06,1158.59,1167.395,1152.661,1156.246,97,2989368089
2023-04-05,1172.172,1181.347,1156.16,1158.59,97,1316234948
2023-04-04,1181.753,1184.874,1163.995,1172.172,97,1002774574
2023-04-03,1183.752,1186.332,1174.854,1181.753,97,944262330
2023-03-31,1182.355,1189.822,1179.461,1183.752,97,996195879
2023-03-30,1180.775,1185.674,1175.487,1182.355,97,765923566
2023-03-29,1170.491,1184.319,1170.085,1180.775,97,907402074
2023-03-28,1153.036,1170.491,1155.241,1170.491,97,1250448412
2023-03-27,1154.726,1163.976,1151.608,1153.036,97,1797264976
2023-03-24,1139.608,1158.209,1141.24,1154.726,97,1163620726
2023-03-21,1130.202,1141.672,1129.685,1139.608,97,857801546
2023-03-20,1125.892,1136.151,1120.877,1130.202,97,1058903721
2023-03-17,1106.896,1127.315,1110.631,1125.892,97,3181941272
2023-03-16,1135.89,1131.96,1100.977,1106.896,97,1098213838
2023-03-15,1146.898,1159.181,1135.826,1135.89,97,1945961662
2023-03-14,1160.554,1171.877,1142.2,1146.898,97,1189064122
2023-03-13,1177.075,1177.841,1159.895,1160.554,97,946523733
2023-03-10,1178.828,1177.075,1167.223,1177.075,97,719273806
2023-03-09,1177.599,1187.853,1177.823,1178.828,97,747354413
2023-03-08,1192.841,1191.213,1168.612,1177.599,97,786961734
2023-03-07,1207.593,1211.067,1191.82,1192.841,97,688262891
2023-03-06,1218.984,1228.108,1206.728,1207.593,97,726413136
2023-03-03,1221.667,1231.21,1212.741,1218.984,97,953052257
2023-03-02,1239.298,1240.221,1221.667,1221.667,97,901236981
2023-03-01,1243.213,1247.192,1234.413,1239.298,97,813586573
2023-02-28,1240.719,1251.292,1233.587,1243.213,97,1078896299
2023-02-27,1238.383,1247.605,1230.74,1240.719,97,718691748
2023-02-24,1239.028,1248.067,1237.906,1238.383,97,926476041
2023-02-23,1242.655,1246.902,1233.585,1239.028,97,851179170
2023-02-22,1256.601,1255.801,1238.388,1242.655,97,757220202
2023-02-21,1247.981,1265.241,1251.918,1256.601,97,814758940
2023-02-20,1250.679,1253.165,1237.545,1247.981,97,1050559777
2023-02-17,1260.499,1263.247,1250.679,1250.679,97,868183407
2023-02-16,1262.246,1265.526,1251.961,1260.499,97,1231144950
2023-02-15,1268.267,1270.509,1255.858,1262.246,97,962301906
2023-02-14,1264.009,1272.378,1263.372,1268.267,97,1125149887
2023-02-13,1271.186,1270.647,1261.452,1264.009,97,862795280
2023-02-10,1258.774,1271.186,1249.581,1271.186,97,1569447170
2023-02-09,1265.048,1270.478,1257.907,1258.774,97,1014284540
2023-02-08,1258.989,1265.564,1259.138,1265.048,97,896849284
2023-02-07,1257.446,1258.989,1250.009,1258.989,97,1595522270
2023-02-06,1266.356,1272.02,1251.972,1257.446,97,1138089673
2023-02-03,1273.224,1278.705,1262.585,1266.356,97,1262656059
2023-02-02,1269.779,1280.759,1272.001,1273.224,97,1430515098
2023-02-01,1258.917,1280.189,1262.047,1269.779,97,1551885231
2023-01-31,1257.582,1266.615,1254.515,1258.917,96,1371063931
2023-01-30,1262.606,1270.369,1251.423,1257.582,96,1081725563
2023-01-27,1270.459,1278.768,1262.606,1262.606,96,1581185103
2023-01-26,1264.657,1280.65,1265.656,1270.459,96,2091211671
2023-01-25,1272.082,1276.259,1258.638,1264.657,96,1405166874
2023-01-24,1265.551,1273.288,1262.234,1272.082,96,2569468334
2023-01-20,1261.653,1270.092,1260.963,1265.551,96,1369850577
2023-01-19,1254.794,1265.981,1254.192,1261.653,96,1810519936
2023-01-18,1268.917,1267.263,1241.905,1254.794,96,1789670949
2023-01-17,1264.608,1275.575,1257.671,1268.917,96,2986764239
2023-01-16,1245.29,1266.598,1246.344,1264.608,96,3263205608
2023-01-13,1237.269,1245.431,1230.355,1245.29,96,1580754789
2023-01-12,1223.014,1243.086,1221.999,1237.269,96,1617376864
2023-01-11,1226.536,1233.259,1216.907,1223.014,96,1113103225
2023-01-10,1235.352,1235.092,1215.625,1226.536,96,1131645589
2023-01-09,1222.345,1237.068,1221.004,1235.352,96,1775144924
2023-01-06,1200.453,1222.345,1190.08,1222.345,96,929345467
2023-01-05,1232.721,1232.737,1192.21,1200.453,96,1494377713
2023-01-04,1239.075,1252.398,1231.108,1232.721,96,1337259183
2023-01-03,1217.768,1240.233,1216.623,1239.075,96,1691002074
2023-01-02,1216.126,1224.235,1215.694,1217.768,96,836951313
2022-12-30,1223.997,1230.072,1216.126,1216.126,96,1005362323
2022-12-29,1224.797,1224.932,1215.408,1223.997,96,8518826836
2022-12-28,1233.923,1238.986,1219.989,1224.797,96,1506399821
2022-12-27,1229.265,1242.824,1224.601,1233.923,96,1263425431
2022-12-26,1231.038,1235.29,1222.726,1229.265,96,1108200681
2022-12-23,1225.26,1231.038,1217.259,1231.038,96,1120575020
2022-12-22,1232.59,1240.402,1221.483,1225.26,96,1278476416
2022-12-21,1230.105,1241.116,1224.591,1232.59,96,927221455
2022-12-20,1246.731,1244.858,1226.207,1230.105,96,914143169
2022-12-19,1267.515,1262.931,1244.038,1246.731,96,949267800
2022-12-16,1248.383,1267.515,1235.604,1267.515,96,1128496292
2022-12-15,1251.249,1253.534,1244.209,1248.383,96,1064044411
2022-12-14,1251.212,1260.26,1246.332,1251.249,96,1214229433
2022-12-13,1250.798,1260.165,1248.002,1251.212,96,970884267
2022-12-12,1248.796,1252.646,1231.375,1250.798,96,3196768724
2022-12-09,1253.441,1254.694,1239.983,1248.796,96,3071956018
2022-12-08,1234.671,1253.441,1212.824,1253.441,96,1528578923
2022-12-07,1246.586,1245.702,1221.506,1234.671,96,2598591686
2022-12-06,1279.954,1278.321,1242.491,1246.586,96,1041153547
2022-12-05,1289.576,1293.596,1278.02,1279.954,96,981422940
2022-12-02,1291.59,1298.497,1286.85,1289.576,96,1535886938
2022-12-01,1284.282,1299.398,1286.861,1291.59,96,1187722311
2022-11-30,1280.354,1285.915,1277.366,1284.282,96,1116500159
2022-11-29,1273.353,1280.354,1267.851,1280.354,96,1076388348
2022-11-28,1285.629,1283.764,1266.411,1273.353,96,993426489
2022-11-25,1290.712,1293.818,1278.115,1285.629,96,721892763
2022-11-24,1288.066,1297.964,1287.46,1290.712,96,952545698
2022-11-23,1286.016,1298.478,1284.862,1288.066,96,1055109950
2022-11-22,1287.093,1295.762,1282.298,1286.016,96,1094573820
2022-11-21,1290.533,1296.163,1284.609,1287.093,96,861964512
2022-11-18,1283.334,1296.906,1283.675,1290.533,96,944363131
2022-11-17,1292.266,1285.883,1269.797,1283.334,96,950524295
2022-11-16,1316.584,1321.285,1286.696,1292.266,96,1211340766
2022-11-15,1314.947,1326.116,1308.397,1316.584,96,1676209875
2022-11-14,1318.271,1327.444,1310.205,1314.947,96,1119484656
2022-11-11,1285.925,1318.271,1297.545,1318.271,96,1524421614
2022-11-10,1299.126,1298.832,1281.839,1285.925,96,1400033222
2022-11-09,1296.093,1312.014,1289.944,1299.126,96,1543572622
2022-11-08,1317.388,1321.943,1293.178,1296.093,95,1220380350
2022-11-07,1301.292,1317.388,1300.112,1317.388,95,1959763995
2022-11-04,1280.042,1301.292,1277.658,1301.292,95,1530611403
2022-11-03,1282.844,1288.478,1274.913,1280.042,95,3037476177
2022-11-02,1271.877,1288.504,1273.016,1282.844,95,1298159930
2022-11-01,1268.228,1282.614,1265.145,1271.877,95,2800216102
2022-10-31,1247.532,1268.944,1250.205,1268.228,95,2348761669
2022-10-28,1255.451,1261.201,1234.749,1247.532,95,1524185741
2022-10-27,1242.615,1266.9,1245.902,1255.451,95,3193427761
2022-10-26,1240.427,1247.81,1237.293,1242.615,95,1835640159
2022-10-25,1248.785,1255.906,1232.3,1240.427,95,2518420771
2022-10-24,1247.355,1258.856,1246.914,1248.785,95,2968051718
2022-10-21,1258.581,1261.341,1242.392,1247.355,95,1929182714
2022-10-20,1241.079,1258.581,1240.368,1258.581,95,3043056238
2022-10-19,1228.637,1245.691,1225.259,1241.079,95,2940800070
2022-10-18,1227.049,1237.547,1221.104,1228.637,95,3414882413
2022-10-17,1217.26,1227.049,1196.961,1227.049,95,2767547875
2022-10-14,1224.191,1239.543,1217.26,1217.26,95,2705374707
2022-10-13,1231.413,1237.249,1224.191,1224.191,95,1577481625
2022-10-12,1239.869,1245.433,1216.614,1231.413,95,2564524138
2022-10-11,1239.873,1250.813,1235.298,1239.869,95,2482190363
2022-10-10,1254.66,1247.117,1234.549,1239.873,95,2122527998
2022-10-07,1253.961,1258.604,1244.932,1254.66,95,2485295852
2022-10-06,1259.153,1268.624,1251.506,1253.961,95,2367269071
2022-10-05,1253.729,1273.288,1259.153,1259.153,95,3382995677
2022-10-04,1229.184,1255.426,1236.02,1253.729,95,3762782902
2022-10-03,1237.971,1232.857,1222.545,1229.184,95,2080938347
2022-09-30,1240.343,1241.681,1214.213,1237.971,95,2895487676
2022-09-29,1247.936,1262.949,1235.091,1240.343,95,3671221934
2022-09-28,1271.871,1270.107,1247.936,1247.936,95,2324236850
2022-09-27,1284.209,1281.67,1259.049,1271.871,95,2903751180
2022-09-26,1301.648,1298.119,1271.385,1284.209,95,2528182414
2022-09-23,1304.603,1308.982,1296.946,1301.648,95,1801340470
2022-09-22,1287.815,1306.191,1275.005,1304.603,95,2626249686
2022-09-21,1290.992,1295.066,1276.228,1287.815,95,2435034430
2022-09-20,1295.729,1301.672,1282.692,1290.992,95,3558026074
2022-09-19,1304.131,1312.011,1282.802,1295.729,95,2596757227
2022-09-16,1303.298,1306.484,1284.818,1304.131,95,3996602991
2022-09-15,1318.199,1329.523,1303.298,1303.298,95,2793850783
2022-09-14,1334.42,1321.412,1306.567,1318.199,95,3450951082
2022-09-13,1339.622,1347.701,1334.324,1334.42,95,3588369087
2022-09-12,1336.799,1347.551,1327.213,1339.622,95,3014005507
2022-09-09,1337.13,1347.277,1327.963,1336.799,95,2569342346
2022-09-08,1311.094,1342.054,1316.368,1337.13,95,2540542996
2022-09-07,1307.051,1323.419,1300.502,1311.094,95,3185892650
2022-09-06,1298.065,1313.713,1297.341,1307.051,95,3215521088
2022-09-05,1290.862,1306.008,1283.754,1298.065,95,2534022444
2022-09-02,1279.393,1297.658,1279.725,1290.862,95,1967485743
2022-09-01,1298.479,1299.172,1279.393,1279.393,95,1547079422
2022-08-31,1297.189,1301.697,1281.853,1298.479,95,3087858819
2022-08-30,1290.146,1307.279,1291.434,1297.189,95,3195697172
2022-08-29,1293.231,1290.146,1266.405,1290.146,95,1906328233
2022-08-26,1299.318,1308.951,1288.579,1293.231,95,2875170212
2022-08-25,1296.575,1304.849,1289.921,1299.318,95,2855248637
2022-08-24,1301.166,1308.92,1292.388,1296.575,95,1656005439
2022-08-23,1279.941,1307.603,1279.575,1301.166,95,2311609779
2022-08-22,1310.367,1310.566,1275.565,1279.941,95,1856942930
2022-08-19,1316.276,1325.83,1308.693,1310.367,95,1975724344
2022-08-18,1323.86,1327.886,1308.866,1316.276,95,2494517720
2022-08-16,1334.444,1340.951,1315.822,1323.86,95,2308150283
2022-08-15,1353.091,1359.39,1331.073,1334.444,95,2993326642
2022-08-12,1357.455,1366.436,1349.358,1353.091,95,2782857263
2022-08-11,1331.389,1360.619,1340.212,1357.455,95,3544729090
2022-08-10,1333.447,1338.29,1317.402,1331.389,95,1730820608
2022-08-09,1327.893,1342.127,1323.312,1333.447,95,2168043512
2022-08-08,1315.046,1327.893,1303.563,1327.893,95,2489869822
2022-08-05,1304.907,1315.803,1304.683,1315.046,94,1281326250
2022-08-04,1294.968,1310.505,1295.281,1304.907,94,2481238284
2022-08-03,1287.591,1301.865,1280.357,1294.968,94,1760901354
2022-08-02,1296.254,1298.587,1274.275,1287.591,94,2834208556
2022-08-01,1283.606,1299.921,1280.258,1296.254,94,2586959934
2022-07-29,1298.973,1310.818,1278.346,1283.606,94,2332479832
2022-07-28,1267.912,1305.137,1273.799,1298.973,94,3185890978
2022-07-27,1270.865,1280.591,1263.229,1267.912,94,2012917382
2022-07-26,1275.25,1277.805,1258.5,1270.865,94,2552870062
2022-07-25,1280.783,1289.281,1270.811,1275.25,94,3213009275
2022-07-22,1253.077,1284.187,1248.365,1280.783,94,3794216234
2022-07-21,1260.171,1266.57,1246.058,1253.077,94,1944368737
2022-07-20,1257.644,1271.481,1249.473,1260.171,94,2617729265
2022-07-19,1216.131,1257.644,1213.433,1257.644,94,2407667393
2022-07-18,1215.138,1246.82,1207.685,1216.131,94,2284248099
2022-07-15,1217.356,1233.026,1195.49,1215.138,94,2429955596
2022-07-14,1221.126,1222.24,1203.398,1217.356,94,2594134732
2022-07-13,1220.402,1229.551,1212.93,1221.126,94,1389162270
2022-07-12,1207.348,1226.19,1197.57,1220.402,94,2316009174
2022-07-11,1201.898,1207.348,1194.611,1207.348,94,2554970942
2022-07-08,1170.417,1205.869,1172.528,1201.898,94,2659899442
2022-07-07,1162.257,1172.089,1158.508,1170.417,93,1205588295
2022-07-06,1179.064,1179.002,1151.067,1162.257,93,1869506004
2022-07-05,1162.724,1192.268,1160.332,1179.064,93,1963297021
2022-07-04,1184.342,1184.636,1147.68,1162.724,93,1798022810
2022-07-01,1220.87,1221.466,1184.342,1184.342,93,1985799687
2022-06-30,1242.055,1248.188,1218.337,1220.87,93,2955221971
2022-06-29,1261.962,1261.518,1242.055,1242.055,93,2054812931
2022-06-28,1280.555,1280.709,1253.657,1261.962,93,1990057687
2022-06-27,1289.154,1299.289,1275.723,1280.555,93,2298447672
2022-06-24,1281.065,1297.967,1278.471,1289.154,93,2707755412
2022-06-23,1289.335,1287.041,1258.951,1281.065,93,2479515192
2022-06-22,1311.815,1318.545,1289.335,1289.335,93,2004396692
2022-06-21,1295.266,1312.117,1292.072,1311.815,93,1928675078
2022-06-20,1283.028,1298.236,1267.555,1295.266,93,2629850266
2022-06-17,1315.772,1310.169,1277.999,1283.028,93,5723073285
2022-06-16,1301.906,1327.998,1306.991,1315.772,93,4758543193
2022-06-15,1293.354,1306.228,1278.084,1301.906,93,6123162443
2022-06-14,1290.4,1300.192,1278.301,1293.354,93,4476862593
2022-06-13,1329.735,1307.398,1278.861,1290.4,93,3654029937
2022-06-10,1353.722,1353.09,1322.139,1329.735,93,2955437221
2022-06-09,1358.363,1371.358,1350.145,1353.722,93,2848702121
2022-06-08,1361.694,1368.457,1353.468,1358.363,93,2383639226
2022-06-07,1370.314,1379.394,1361.694,1361.694,93,2691038514
2022-06-06,1374.191,1379.53,1348.309,1370.314,93,2013197654
2022-06-03,1379.172,1391.947,1373.88,1374.191,93,8593250872
2022-06-02,1401.604,1403.497,1374.903,1379.172,93,2127223776
2022-05-31,1379.533,1401.604,1375.65,1401.604,93,3991729686
2022-05-30,1363.316,1383.263,1366.842,1379.533,93,1767395132
2022-05-27,1337.372,1365.311,1345.76,1363.316,93,2748363278
2022-05-25,1356.089,1367.645,1330.71,1337.372,93,2985938027
2022-05-24,1331.211,1362.231,1332.774,1356.089,93,2388898362
2022-05-23,1341.953,1356.713,1324.353,1331.211,93,2344674167
2022-05-20,1336.045,1351.502,1334.275,1341.953,93,2599922955
2022-05-19,1348.004,1345.77,1308.064,1336.045,93,2301349320
2022-05-18,1318.895,1353.897,1325.261,1348.004,93,2541923588
2022-05-17,1304.182,1325.348,1307.491,1318.895,93,2305995581
2022-05-13,1280.94,1311.964,1270.446,1304.182,93,2696731115
2022-05-12,1324.744,1326.233,1276.772,1280.94,93,3434602677
2022-05-11,1307.079,1339.965,1307.405,1324.744,93,2792520011
2022-05-10,1324.586,1313.678,1274.886,1307.079,93,2792921608
2022-05-09,1363.012,1354.457,1319.665,1324.586,93,2071002325
2022-04-28,1362.202,1377.171,1363.012,1363.012,93,2939174927
2022-04-27,1347.06,1367.613,1340.076,1362.202,93,3593992731
2022-04-26,1362.327,1362.396,1333.948,1347.06,93,2615140116
2022-04-25,1371.261,1366.559,1344.176,1362.327,93,2136360153
2022-04-22,1392.821,1395.937,1365.225,1371.261,93,2657999651
2022-04-21,1403.865,1405.9,1388.893,1392.821,93,2284859702
2022-04-20,1413.78,1424.208,1390.474,1403.865,93,4025620837
2022-04-19,1422.909,1442.729,1407.335,1413.78,93,3025864466
2022-04-18,1386.551,1426.419,1389.084,1422.909,93,2675682645
2022-04-14,1395.99,1414.197,1385.197,1386.551,93,2917197315
2022-04-13,1397.475,1403.967,1383.601,1395.99,93,1986102029
2022-04-12,1385.611,1397.475,1373.184,1397.475,93,2215029624
2022-04-11,1430.073,1430.644,1382.329,1385.611,93,3445950620
2022-04-08,1393.365,1434.63,1394.262,1430.073,93,2490883165
2022-04-07,1383.755,1404.25,1380.056,1393.365,93,3131636932
2022-04-06,1380.159,1386.818,1374.492,1383.755,93,3697651877
2022-04-05,1369.027,1382.526,1368.363,1380.159,93,3522356406
2022-04-04,1340.696,1369.027,1341.192,1369.027,93,4273602215
2022-04-01,1329.147,1345.961,1326.607,1340.696,93,2637670826
2022-03-31,1328.487,1335.121,1319.692,1329.147,93,3191245730
2022-03-30,1325.249,1333.831,1317.833,1328.487,93,3009312440
2022-03-29,1331.257,1336.989,1319.795,1325.249,93,2659708662
2022-03-28,1329.956,1338.348,1322.887,1331.257,93,2207827134
2022-03-25,1331.289,1334.917,1316.571,1329.956,93,2736002078
2022-03-24,1308.648,1331.289,1312.02,1331.289,93,2767839773
2022-03-23,1304.475,1311.281,1299.741,1308.648,93,2357007817
2022-03-22,1279.08,1304.844,1280.089,1304.475,93,3130714566
2022-03-21,1282.629,1287.893,1271.968,1279.08,93,3205871759
2022-03-18,1279.302,1287.407,1266.989,1282.629,93,8719781703
2022-03-17,1265.456,1283.258,1268.911,1279.302,93,4921201260
2022-03-16,1251.533,1266.118,1244.944,1265.456,93,3188318985
2022-03-15,1272.093,1277.248,1245.796,1251.533,93,3789474425
2022-03-14,1268.777,1273.262,1252.518,1272.093,93,5006725108
2022-03-11,1272.02,1281.66,1265.472,1268.777,93,2902977640
2022-03-10,1253.346,1272.02,1236.59,1272.02,93,3163733673
2022-03-09,1266.474,1264.576,1245.423,1253.346,93,4104644415
2022-03-08,1273.517,1309.545,1258.14,1266.474,93,7274403871
2022-03-07,1248.038,1274.875,1252.351,1273.517,93,4486719339
2022-03-04,1239.252,1266.217,1242.125,1248.038,93,4050656594
2022-03-02,1251.633,1265.038,1237.561,1239.252,93,2880386934
2022-03-01,1252.28,1274.39,1250.443,1251.633,93,2612690588
2022-02-25,1239.512,1264.315,1240.887,1252.28,93,3704060075
2022-02-24,1265.914,1263.917,1229.465,1239.512,93,3921008292
2022-02-23,1266.421,1268.063,1255.056,1265.914,93,3527487696
2022-02-22,1279.249,1278.279,1249.358,1266.421,93,3280163232
2022-02-21,1273.384,1283.844,1269.483,1279.249,93,3362015979
2022-02-18,1264.168,1280.84,1259.391,1273.384,93,3316244975
2022-02-17,1272.63,1280.078,1253.69,1264.168,93,3370796768
2022-02-16,1263.167,1279.489,1265.89,1272.63,93,3265535763
2022-02-15,1256.334,1265.719,1250.767,1263.167,93,2967628815
2022-02-14,1281.515,1275.398,1245.79,1256.334,93,3261341332
2022-02-11,1294.904,1303.644,1274.827,1281.515,93,4443676095
2022-02-10,1272.318,1297.202,1274.165,1294.904,93,3567829016
2022-02-09,1260.582,1275.241,1257.972,1272.318,93,2498271094
2022-02-08,1276.14,1282.178,1258.683,1260.582,93,1879203084
2022-02-07,1256.386,1276.677,1258.01,1276.14,93,2322282614
2022-02-04,1237.131,1256.386,1234.781,1256.386,93,2556659179
2022-02-03,1238.024,1243.776,1224.616,1237.131,93,3224533441
2022-02-02,1218.391,1248.645,1221.81,1238.024,93,5635366374
2022-01-31,1198.033,1220.631,1201.174,1218.391,93,2240072473
2022-01-28,1194.927,1203.739,1192.586,1198.033,93,2729457128
2022-01-27,1189.547,1195.908,1181.477,1194.927,93,2615267018
2022-01-26,1184.96,1194.569,1177.88,1189.547,93,3142204718
2022-01-25,1191.776,1185.61,1170.482,1184.96,93,2964389730
2022-01-24,1202.862,1203.536,1186.925,1191.776,93,2929725851
2022-01-21,1179.796,1202.862,1178.045,1202.862,93,2872301208
2022-01-20,1159.825,1179.796,1162.598,1179.796,93,3117271903
2022-01-19,1170.843,1172.598,1159.825,1159.825,93,3233612918
2022-01-18,1180.149,1184.755,1155.424,1170.843,93,2903332327
2022-01-17,1200.439,1201.703,1177.463,1180.149,93,1994547509
2022-01-14,1210.325,1211.108,1195.936,1200.439,93,1795972975
2022-01-13,1201.096,1214.7,1200.456,1210.325,93,2554061172
2022-01-12,1188.57,1212.994,1192.788,1201.096,93,3430505163
2022-01-11,1210.503,1212.389,1185.578,1188.57,93,2605565661
2022-01-10,1209.255,1214.658,1204.309,1210.503,93,3457335028
2022-01-07,1213.085,1220.147,1207.033,1209.255,93,2367389673
2022-01-06,1222.996,1222.884,1202.146,1213.085,93,3347611144
2022-01-05,1229.539,1240.801,1215.977,1222.996,93,3860250474
2022-01-04,1243.899,1248.448,1229.316,1229.539,93,7614913832
2022-01-03,1234.381,1246.888,1228.57,1243.899,93,3347399436
2021-12-30,1229.991,1240.432,1231.371,1234.381,93,3947429170
2021-12-29,1231.287,1238.493,1226.668,1229.991,93,4302546062
2021-12-28,1234.812,1243.479,1229.81,1231.287,93,3590354015
2021-12-27,1217.597,1237.08,1218.962,1234.812,93,3159147778
2021-12-24,1207.446,1227.122,1209.388,1217.597,93,2637021001
2021-12-23,1199.285,1209.96,1198.751,1207.446,93,5140750087
2021-12-22,1198.611,1209.462,1198.499,1199.285,93,2162199796
2021-12-21,1192.257,1201.76,1187.0,1198.611,93,2290502640
2021-12-20,1207.866,1206.446,1189.525,1192.257,93,2304737756
2021-12-17,1202.543,1210.466,1200.428,1207.866,93,3188155477
2021-12-16,1213.369,1220.561,1195.356,1202.543,93,3541830692
2021-12-15,1211.375,1215.793,1206.962,1213.369,93,4798946231
2021-12-14,1215.519,1218.258,1204.664,1211.375,93,4138364111
2021-12-13,1203.741,1220.72,1208.208,1215.519,93,3157299017
2021-12-10,1205.239,1208.598,1200.089,1203.741,93,3137140124
2021-12-09,1205.636,1208.075,1196.202,1205.239,93,5240405707
2021-12-08,1210.286,1220.629,1202.185,1205.636,93,8679260788
2021-12-07,1200.766,1212.793,1200.932,1210.286,91,1551693451
2021-12-06,1203.234,1211.156,1199.119,1200.766,91,2476013187
2021-12-03,1204.885,1212.156,1200.233,1203.234,91,2739524173
2021-12-02,1201.027,1210.5,1191.878,1204.885,91,3179296924
2021-12-01,1201.66,1216.715,1197.859,1201.027,91,3103071202
2021-11-30,1214.051,1230.812,1201.66,1201.66,91,2680199394
2021-11-29,1215.071,1222.387,1198.69,1214.051,91,4469176365
2021-11-26,1250.263,1247.688,1207.567,1215.071,91,4242949656
2021-11-25,1248.795,1259.736,1248.906,1250.263,91,2203508664
2021-11-24,1246.337,1253.123,1243.888,1248.795,91,3313273111
2021-11-23,1252.784,1269.558,1244.463,1246.337,91,3398889106
2021-11-22,1248.629,1255.091,1242.711,1252.784,91,3729954912
2021-11-19,1233.535,1249.568,1233.067,1248.629,91,6421549294
2021-11-18,1236.283,1244.623,1228.061,1233.535,91,3545192294
2021-11-17,1241.756,1250.946,1235.049,1236.283,91,2112305490
2021-11-16,1230.272,1245.244,1226.357,1241.756,91,2635900630
2021-11-15,1235.514,1244.31,1227.436,1230.272,91,2110484094
2021-11-12,1222.665,1240.793,1223.212,1235.514,91,2495650315
2021-11-11,1222.467,1229.007,1219.112,1222.665,91,2447888450
2021-11-10,1223.628,1225.463,1216.796,1222.467,91,2551960662
2021-11-09,1207.183,1223.628,1209.219,1223.628,91,1669375752
2021-11-08,1206.706,1214.668,1204.792,1207.183,91,1546574392
2021-11-05,1208.587,1213.072,1193.679,1206.706,91,2100561286
2021-11-04,1195.81,1214.715,1203.49,1208.587,91,1868836481
2021-11-03,1182.446,1196.621,1181.773,1195.81,91,1911196684
2021-11-02,1193.492,1201.995,1178.752,1182.446,91,1908745653
2021-11-01,1194.61,1203.582,1191.432,1193.492,91,2872175549
2021-10-29,1175.6,1197.423,1174.354,1194.61,91,2690005719
2021-10-28,1198.86,1199.691,1172.603,1175.6,91,3010946752
2021-10-27,1196.676,1206.302,1192.605,1198.86,91,2386527456
2021-10-26,1201.531,1211.466,1195.179,1196.676,91,2550792266
2021-10-25,1199.045,1210.084,1197.398,1201.531,91,1969197637
2021-10-22,1197.002,1205.438,1178.478,1199.045,91,2405501331
2021-10-21,1212.646,1230.158,1193.747,1197.002,91,3400053751
2021-10-19,1209.317,1220.418,1205.943,1212.646,91,2941020383
2021-10-18,1194.389,1215.053,1200.806,1209.317,91,2645639915
2021-10-15,1186.585,1202.648,1183.638,1194.389,91,3119166928
2021-10-14,1154.077,1187.611,1159.044,1186.585,91,2953021253
2021-10-13,1149.03,1160.194,1149.579,1154.077,91,8933908598
2021-10-12,1152.929,1154.137,1143.271,1149.03,91,2627559291
2021-10-11,1145.742,1160.007,1146.721,1152.929,91,6914240577
2021-10-08,1131.478,1154.924,1136.193,1145.742,91,3320136509
2021-10-07,1132.433,1142.272,1125.107,1131.478,91,3199422512
2021-10-06,1121.139,1138.369,1121.609,1132.433,91,2859865354
2021-10-05,1145.111,1155.903,1117.335,1121.139,91,2982503619
2021-10-04,1110.159,1145.111,1112.218,1145.111,91,3489513236
2021-10-01,1124.862,1122.014,1106.767,1110.159,91,2582017244
2021-09-30,1122.979,1128.969,1116.773,1124.862,91,2611747862
2021-09-29,1105.492,1124.63,1094.57,1122.979,91,3149515934
2021-09-28,1112.546,1116.146,1099.633,1105.492,91,2447122145
2021-09-27,1118.58,1124.399,1110.13,1112.546,91,2654046577
2021-09-24,1124.428,1130.113,1115.994,1118.58,91,3482828235
2021-09-23,1128.316,1138.232,1123.651,1124.428,91,3868885223
2021-09-22,1124.977,1139.06,1126.337,1128.316,91,3362007009
2021-09-21,1121.197,1125.722,1101.491,1124.977,91,2991224989
2021-09-20,1141.559,1141.543,1115.638,1121.197,91,3120992609
2021-09-17,1139.358,1142.758,1129.041,1141.559,91,2912203890
2021-09-16,1135.425,1144.908,1132.053,1139.358,91,2828068950
2021-09-15,1144.072,1145.43,1131.515,1135.425,91,2685133711
2021-09-14,1145.193,1149.27,1135.611,1144.072,91,3723134719
2021-09-13,1153.761,1154.02,1136.427,1145.193,91,2252789961
2021-09-10,1133.124,1153.761,1132.836,1153.761,91,3141748838
2021-09-09,1120.877,1133.124,1110.172,1133.124,91,3160109104
2021-09-08,1136.09,1139.068,1114.335,1120.877,91,2501411890
2021-09-07,1157.136,1160.529,1135.522,1136.09,89,2790283400
2021-09-06,1157.568,1160.265,1148.604,1157.136,89,3024541242
2021-09-03,1157.024,1158.22,1146.043,1157.568,89,3352440200
2021-09-02,1155.935,1160.761,1149.586,1157.024,89,3254206502
2021-09-01,1175.541,1179.228,1155.886,1155.935,89,1972986786
2021-08-31,1163.771,1179.97,1163.882,1175.541,89,3226921931
2021-08-30,1136.633,1163.771,1143.329,1163.771,89,2273122041
2021-08-27,1142.947,1147.637,1131.689,1136.633,89,2655020394
2021-08-26,1156.256,1160.016,1140.441,1142.947,89,3202302291
2021-08-25,1157.28,1163.604,1151.04,1156.256,89,3841877833
2021-08-24,1156.866,1168.551,1140.35,1157.28,89,2780158463
2021-08-23,1147.525,1161.278,1150.795,1156.866,89,2214903400
2021-08-20,1143.454,1148.846,1130.784,1147.525,89,2331630227
2021-08-19,1168.426,1168.576,1135.478,1143.454,89,2343262607
2021-08-18,1149.891,1170.389,1149.468,1168.426,89,2516954028
2021-08-16,1164.319,1169.091,1142.747,1149.891,89,3181157472
2021-08-13,1164.762,1169.914,1157.891,1164.319,89,1805122108
2021-08-12,1140.881,1168.034,1145.44,1164.762,89,2633103408
2021-08-10,1147.958,1148.428,1132.637,1140.881,89,2609360575
2021-08-09,1171.623,1171.781,1141.0,1147.958,89,3762488553
2021-08-06,1171.957,1187.696,1167.805,1171.623,89,3104967745
2021-08-05,1172.674,1180.421,1165.99,1171.957,89,4198485653
2021-08-04,1173.443,1181.748,1166.762,1172.674,89,4368897650
2021-08-03,1171.896,1183.242,1165.654,1173.443,89,2733468644
2021-08-02,1163.651,1180.549,1159.825,1171.896,89,3995608225
2021-07-30,1166.002,1180.695,1160.414,1163.651,89,2884204501
2021-07-29,1145.318,1166.002,1143.285,1166.002,89,3233242353
2021-07-28,1148.866,1156.971,1144.069,1145.318,89,2347007475
2021-07-27,1145.342,1166.357,1142.824,1148.866,89,3713669761
2021-07-26,1151.869,1163.429,1141.335,1145.342,89,2405822723
2021-07-23,1157.669,1167.664,1142.635,1151.869,89,2287417344
2021-07-22,1145.574,1161.171,1148.417,1157.669,89,2107897695
2021-07-21,1150.846,1161.888,1140.449,1145.574,89,2386299413
2021-07-19,1169.071,1166.545,1146.666,1150.846,89,2027946078
2021-07-16,1162.051,1178.237,1164.724,1169.071,89,2866071286
2021-07-15,1162.756,1171.747,1158.677,1162.051,89,3850513774
2021-07-14,1167.373,1171.25,1153.112,1162.756,89,2536484363
2021-07-13,1182.768,1192.679,1165.668,1167.373,89,2408129253
2021-07-12,1186.558,1199.511,1182.267,1182.768,89,2124335270
2021-07-09,1178.409,1188.691,1172.703,1186.558,89,2244844786
2021-07-08,1178.767,1190.441,1173.562,1178.409,88,2393696021
2021-07-07,1179.589,1182.2,1167.047,1178.767,88,2336243805
2021-07-06,1149.917,1183.24,1149.535,1179.589,88,3230630771
2021-07-05,1160.487,1164.456,1147.278,1149.917,88,2331246002
2021-07-02,1167.584,1171.23,1159.785,1160.487,88,3385859163
2021-07-01,1169.677,1178.221,1158.859,1167.584,88,3459677924
2021-06-30,1161.261,1178.654,1163.857,1169.677,89,6738485123
2021-06-29,1159.589,1174.64,1154.866,1161.261,89,5029248810
2021-06-28,1189.905,1195.38,1159.589,1159.589,89,2736883407
2021-06-25,1186.767,1202.893,1189.905,1189.905,88,2881554879
2021-06-24,1191.045,1202.123,1183.492,1186.767,88,3180808892
2021-06-23,1191.238,1199.365,1184.538,1191.045,88,7006587243
2021-06-22,1158.085,1197.084,1160.251,1191.238,88,1660707845
2021-06-21,1168.138,1171.498,1134.666,1158.085,88,1484483792
2021-06-18,1195.334,1197.204,1160.297,1168.138,88,1808137005
2021-06-17,1197.267,1207.158,1184.908,1195.334,88,1754839328
2021-06-16,1196.067,1204.951,1188.927,1197.267,88,1732760057
2021-06-15,1162.919,1198.194,1158.142,1196.067,88,2507740259
2021-06-14,1166.735,1173.818,1158.39,1162.919,88,1887321965
2021-06-11,1171.092,1177.976,1162.912,1166.735,88,1744227041
2021-06-10,1177.666,1182.501,1164.685,1171.092,88,1878226399
2021-06-09,1154.671,1177.666,1155.259,1177.666,88,3106591121
2021-06-08,1172.909,1175.583,1153.57,1154.671,88,3701509166
2021-06-07,1173.262,1181.022,1169.135,1172.909,88,1806280408
2021-06-04,1196.1,1193.402,1173.262,1173.262,88,1720987536
2021-06-03,1189.999,1196.1,1180.541,1196.1,88,2087546913
2021-06-02,1167.209,1189.999,1173.353,1189.999,88,2562688405
2021-05-31,1142.192,1167.209,1138.549,1167.209,88,1722369589
2021-05-28,1132.023,1146.153,1126.074,1142.192,88,3443103945
2021-05-27,1122.365,1140.77,1124.254,1132.023,88,1799100682
2021-05-25,1109.709,1137.612,1112.527,1122.365,88,3191991880
2021-05-24,1139.596,1148.955,1104.639,1109.709,88,1788071426
2021-05-22,1139.596,1163.615,1139.44,1162.339,88,4799520962
2021-05-21,1149.709,1175.831,1130.726,1139.596,88,1339275966
2021-05-20,1153.135,1168.858,1144.614,1149.709,88,1961744322
2021-05-19,1184.663,1187.266,1150.759,1153.135,88,2157212235
2021-05-18,1182.659,1200.607,1167.921,1184.663,88,2206000260
2021-05-17,1236.514,1241.017,1180.83,1182.659,88,2054193034
2021-05-11,1248.45,1243.379,1228.37,1236.514,88,2946023234
2021-05-10,1227.342,1252.182,1230.93,1248.45,88,2923423661
2021-05-07,1238.535,1247.387,1226.979,1227.342,88,3498159856
2021-05-06,1245.865,1256.394,1233.911,1238.535,88,3077126529
2021-05-05,1239.627,1251.593,1237.17,1245.865,88,2865283687
2021-05-04,1228.51,1240.146,1229.936,1239.627,88,3966851290
2021-05-03,1246.131,1247.126,1223.885,1228.51,88,3496704363
2021-04-30,1244.768,1248.836,1234.062,1246.131,88,2504045170
2021-04-29,1228.919,1248.378,1233.237,1244.768,88,2305391797
2021-04-28,1215.731,1228.919,1209.641,1228.919,88,2011960652
2021-04-27,1210.412,1220.659,1201.223,1215.731,88,1372916129
2021-04-26,1208.456,1218.022,1205.236,1210.412,88,1387958980
2021-04-23,1210.472,1215.846,1207.321,1208.456,88,2358342070
2021-04-22,1215.601,1222.666,1207.404,1210.472,88,2415974436
2021-04-21,1224.895,1223.28,1212.679,1215.601,88,1499177666
2021-04-20,1224.232,1228.704,1216.815,1224.895,88,1447491409
2021-04-19,1252.093,1253.136,1220.828,1224.232,88,2096304550
2021-04-16,1241.113,1252.241,1239.578,1252.093,88,2722751937
2021-04-15,1246.216,1247.257,1228.358,1241.113,88,1809568884
2021-04-14,1220.816,1246.838,1223.564,1246.216,88,1589562626
2021-04-13,1222.087,1225.042,1205.877,1220.816,87,1763949588
2021-04-12,1255.208,1254.061,1218.797,1222.087,87,2462849023
2021-04-09,1280.601,1289.024,1255.208,1255.208,87,2838457154
2021-04-08,1256.133,1280.601,1252.202,1280.601,87,2093815559
2021-04-07,1257.159,1265.104,1249.497,1256.133,87,1667708546
2021-04-06,1234.568,1258.086,1232.851,1257.159,87,2587621639
2021-04-05,1244.266,1256.155,1231.655,1234.568,87,1503770716
2021-04-01,1236.198,1250.54,1228.843,1244.266,87,1589794921
2021-03-31,1265.871,1260.894,1221.185,1236.198,87,1589505034
2021-03-30,1283.396,1287.362,1255.463,1265.871,87,1931942571
2021-03-29,1286.6,1307.18,1279.002,1283.396,87,1789086137
2021-03-26,1265.85,1289.612,1262.854,1286.6,87,2873979518
2021-03-25,1261.358,1273.503,1241.632,1265.85,87,2017751231
2021-03-24,1291.253,1284.466,1256.11,1261.358,87,1557469763
2021-03-23,1312.668,1317.254,1286.536,1291.253,87,1819410678
2021-03-22,1318.611,1322.026,1308.86,1312.668,87,1641885084
2021-03-19,1316.649,1321.137,1304.151,1318.611,87,3392588375
2021-03-18,1295.783,1319.556,1302.686,1316.649,87,1576165313
2021-03-17,1292.367,1301.048,1287.841,1295.783,87,1246654258
2021-03-16,1304.84,1313.08,1284.91,1292.367,87,1483720301
2021-03-15,1320.899,1329.267,1297.072,1304.84,87,2370830703
2021-03-12,1270.703,1322.013,1281.885,1320.899,87,1795217202
2021-03-10,1253.61,1272.619,1253.727,1270.703,87,1223049154
2021-03-09,1267.598,1277.063,1242.077,1253.61,86,1635535605
2021-03-08,1277.168,1300.647,1262.876,1267.598,86,2056119805
2021-03-05,1303.551,1298.004,1271.056,1277.168,86,3543947705
2021-03-04,1339.219,1329.793,1302.9,1303.551,86,1529984013
2021-03-03,1353.112,1362.324,1335.699,1339.219,86,1209951007
2021-03-02,1342.459,1354.489,1342.14,1353.112,86,1583830194
2021-03-01,1344.692,1353.382,1326.243,1342.459,86,1396324392
2021-02-26,1365.385,1352.565,1314.012,1344.692,86,2724367749
2021-02-25,1354.66,1373.33,1356.596,1365.385,86,1804465146
2021-02-24,1388.566,1397.781,1344.665,1354.66,86,1687095703
2021-02-23,1385.812,1403.756,1382.779,1388.566,86,1700768981
2021-02-22,1373.737,1412.444,1385.812,1385.812,86,2844225069
2021-02-19,1373.034,1376.782,1355.503,1373.737,86,2850374047
2021-02-18,1389.14,1401.825,1367.095,1373.034,86,1869667842
2021-02-17,1428.665,1430.306,1386.516,1389.14,86,1856142157
2021-02-16,1430.903,1439.38,1425.592,1428.665,86,2154187154
2021-02-15,1406.622,1430.903,1405.586,1430.903,86,1916498397
2021-02-11,1398.507,1410.756,1387.51,1406.622,86,2055938242
2021-02-10,1398.35,1409.202,1380.877,1398.507,86,3304354739
2021-02-09,1414.883,1430.282,1382.234,1398.35,86,2784402427
2021-02-08,1387.195,1416.893,1397.056,1414.883,86,3000000709
2021-02-05,1367.167,1393.793,1359.808,1387.195,86,2876766025
2021-02-04,1342.426,1392.153,1348.763,1367.167,86,2936018960
2021-02-03,1354.093,1361.439,1333.726,1342.426,86,2947161037
2021-02-02,1364.15,1379.136,1333.819,1354.093,86,3096799848
2021-02-01,1260.186,1369.127,1235.658,1364.15,86,4928970254
2021-01-29,1273.38,1303.677,1247.065,1260.186,86,2199601326
2021-01-28,1321.575,1321.946,1269.47,1273.38,86,3043772334
2021-01-27,1348.137,1353.491,1306.97,1321.575,86,3596248071
2021-01-26,1358.928,1381.912,1335.172,1348.137,86,3656044233
2021-01-25,1371.514,1368.181,1304.862,1358.928,86,3727941173
